<?xml version="1.0" encoding="UTF-8" ?>
<!DOCTYPE mapper PUBLIC "-//mybatis.org//DTD Mapper 3.0//EN"
	"http://mybatis.org/dtd/mybatis-3-mapper.dtd">

<mapper namespace="org.game.user.mapper.UserMapper"> 

	<!--  유저정보 상세조회 -->
	<select id="userGet" resultType="org.game.user.domain.ConsumerVO">
		SELECT * FROM consumer WHERE cid=#{cid}
	</select>
	
	<!-- 아이디 중복체크 -->
	<select id="idChk" resultType="int">
	
		SELECT COUNT(*) FROM consumer WHERE cid =#{cid}
		
	</select>

	<!-- 패스워드 체크 -->
	<select id="passChk" resultType="int">
		
		SELECT COUNT(*) FROM consumer WHERE cid=#{cid} AND password=#{password}
		
	</select>

	<!-- 회원가입 -->
	<insert id="userJoin">
		INSERT INTO consumer (cnum, cid, email, password,
		nickname)
		VALUES(consumer_num.nextval,#{cid},#{email},#{password},#{nickname})
	</insert>
	
	<!-- 로그인 -->
	<select id="userLogin" resultType="org.game.user.domain.ConsumerVO">
		SELECT cid,password,email,nickname
		FROM consumer
		WHERE cid = #{cid} AND password=#{password}

	</select>
	
	<!-- 회원정보 수정 -->
	<update id="userModify">
		UPDATE consumer
		SET
		password=#{password}, email=#{email},nickname=#{nickname} WHERE cid=#{cid}
	</update>
	
	<!-- 회원탈퇴 -->
	<delete id="meberDelete">
		DELETE FROM consumer
		WHERE cid=#{cid} 
	</delete>


</mapper>