<?xml version="1.0" encoding="UTF-8"?>
<beans xmlns="http://www.springframework.org/schema/beans"
	xmlns:xsi="http://www.w3.org/2001/XMLSchema-instance"
	xmlns:mybatis-spring="http://mybatis.org/schema/mybatis-spring"
	xmlns:context="http://www.springframework.org/schema/context"
	xmlns:jdbc="http://www.springframework.org/schema/jdbc"
	xsi:schemaLocation="http://www.springframework.org/schema/jdbc http://www.springframework.org/schema/jdbc/spring-jdbc-4.3.xsd
		http://mybatis.org/schema/mybatis-spring http://mybatis.org/schema/mybatis-spring-1.2.xsd
		http://www.springframework.org/schema/beans https://www.springframework.org/schema/beans/spring-beans.xsd
		http://www.springframework.org/schema/context http://www.springframework.org/schema/context/spring-context-4.3.xsd">
	
	<!-- Root Context: defines shared resources visible to all other web components -->
	<bean id="hikariConfig" class="com.zaxxer.hikari.HikariConfig">
		<property name="driverClassName" value="net.sf.log4jdbc.sql.jdbcapi.DriverSpy"></property>
		<property name="jdbcUrl" value="jdbc:log4jdbc:oracle:thin:@localhost:1521/XEPDB1"></property>
		<property name="username" value="mytest"></property>
		<property name="password" value="mytest"></property>
	</bean>
	
	<bean id="dataSource" class="com.zaxxer.hikari.HikariDataSource" destroy-method="close">
		<constructor-arg ref="hikariConfig"></constructor-arg>
	</bean>
	
	<bean id="sqlSessionFactory" class="org.mybatis.spring.SqlSessionFactoryBean">
		<property name="dataSource" ref="dataSource"></property>
	</bean>
	
	<bean id="sqlSession" class="org.mybatis.spring.SqlSessionTemplate" destroy-method="clearCache">
  		<constructor-arg name="sqlSessionFactory" ref="sqlSessionFactory"></constructor-arg>
 	</bean>
	
	
	<mybatis-spring:scan base-package="org.game.gameinfo.mapper"/>
	<mybatis-spring:scan base-package="org.game.user.mapper"/>
	<mybatis-spring:scan base-package="org.game.friends.mapper"/>
	<mybatis-spring:scan base-package="org.game.review.mapper"/>
	<mybatis-spring:scan base-package="org.game.gamepurchase.mapper"/>

	
	<context:component-scan base-package="org.game.gameinfo.service"/>
	<context:component-scan base-package="org.game.user.service"/>
	<context:component-scan base-package="org.game.friends.service"/>
	<context:component-scan base-package="org.game.review.service"/>
	<context:component-scan base-package="org.game.gamepurchase.service"/>
	<context:component-scan base-package="org.game.user.persistence" />

</beans>