<?xml version="1.0" encoding="UTF-8" ?>
<!DOCTYPE mapper PUBLIC "-//mybatis.org//DTD Mapper 3.0//EN"
	"http://mybatis.org/dtd/mybatis-3-mapper.dtd">

<mapper namespace="org.game.review.mapper.ReviewCommentMapper">

	<!-- 리뷰 댓글 조회 -->
	<select id="reviewCommentSelect" resultType="org.game.review.domain.ReviewCommentVO">
		<![CDATA[
			SELECT * FROM (SELECT /*+ INDEX_DESC(reviewComment pk_reviewComment) */
			rownum rn, reviewComment.* FROM reviewComment WHERE grnum=#{grnum} AND rownum <= #{rccri.pageNum} * #{rccri.amount})
				WHERE rn > (#{rccri.pageNum} - 1) * #{rccri.amount} ORDER BY rcnum DESC
		]]>
	</select>
	
	<!-- 리뷰 댓글 수 -->
	<select id="reviewCommentCount" resultType="int">
		SELECT COUNT(rcnum) FROM reviewComment WHERE grnum=#{grnum}
	</select>
	
	<!-- 리뷰 댓글 작성 -->
	<insert id="reviewCommentInsert">
		INSERT INTO reviewComment(rcnum, grnum, cid, rccontent, rcdate) 
			VALUES (reviewcomment_num.nextval, #{grnum}, #{cid}, #{rccontent}, sysdate)
	</insert>
	
	<!-- 리뷰 댓글 삭제 -->
	<delete id="reviewCommentDelete">
		DELETE reviewComment WHERE rcnum=#{rcnum}
	</delete>
	
</mapper>